{
    "Normal": {
        "precision": 0.08445297504798464,
        "recall": 0.047244094488188976,
        "f1-score": 0.06059215056231352,
        "support": 2794.0
    },
    "Degraded Outer Race": {
        "precision": 0.32063074901445465,
        "recall": 0.488,
        "f1-score": 0.38699444885011897,
        "support": 500.0
    },
    "Outer Race": {
        "precision": 0.0,
        "recall": 0.0,
        "f1-score": 0.0,
        "support": 68.0
    },
    "Degraded Inner Race": {
        "precision": 0.1333803810868031,
        "recall": 0.315,
        "f1-score": 0.18740704015865145,
        "support": 600.0
    },
    "Inner Race": {
        "precision": 0.0,
        "recall": 0.0,
        "f1-score": 0.0,
        "support": 112.0
    },
    "Degraded Roller Race": {
        "precision": 0.28448275862068967,
        "recall": 0.4033333333333333,
        "f1-score": 0.3336397058823529,
        "support": 900.0
    },
    "Roller Race": {
        "precision": 0.18882466281310212,
        "recall": 0.16013071895424835,
        "f1-score": 0.17329796640141468,
        "support": 612.0
    },
    "accuracy": 0.1836734693877551,
    "macro avg": {
        "precision": 0.14453878951186203,
        "recall": 0.20195830668225298,
        "f1-score": 0.16313304455069308,
        "support": 5586.0
    },
    "weighted avg": {
        "precision": 0.15179025990755773,
        "recall": 0.1836734693877551,
        "f1-score": 0.15781776010081233,
        "support": 5586.0
    },
    "balanced accuracy": 0.20195830668225298
}