{
    "Inner Race": {
        "precision": 0.875,
        "recall": 1.0,
        "f1-score": 0.9333333333333333,
        "support": 21.0
    },
    "Outer Race": {
        "precision": 1.0,
        "recall": 0.8571428571428571,
        "f1-score": 0.9230769230769231,
        "support": 21.0
    },
    "accuracy": 0.9285714285714286,
    "macro avg": {
        "precision": 0.9375,
        "recall": 0.9285714285714286,
        "f1-score": 0.9282051282051282,
        "support": 42.0
    },
    "weighted avg": {
        "precision": 0.9375,
        "recall": 0.9285714285714286,
        "f1-score": 0.9282051282051282,
        "support": 42.0
    },
    "balanced accuracy": 0.9285714285714286
}