{
    "Normal": {
        "precision": 0.9655172413793104,
        "recall": 1.0,
        "f1-score": 0.9824561403508771,
        "support": 280.0
    },
    "Inner Race": {
        "precision": 0.7002724795640327,
        "recall": 0.7138888888888889,
        "f1-score": 0.7070151306740028,
        "support": 720.0
    },
    "Outer Race": {
        "precision": 0.6812688821752266,
        "recall": 0.6263888888888889,
        "f1-score": 0.6526772793053546,
        "support": 720.0
    },
    "Ball": {
        "precision": 0.7214854111405835,
        "recall": 0.7555555555555555,
        "f1-score": 0.7381275440976933,
        "support": 720.0
    },
    "accuracy": 0.7331967213114754,
    "macro avg": {
        "precision": 0.7671360035647883,
        "recall": 0.7739583333333333,
        "f1-score": 0.770069023606982,
        "support": 2440.0
    },
    "weighted avg": {
        "precision": 0.7313623377293827,
        "recall": 0.7331967213114754,
        "f1-score": 0.7317697074728369,
        "support": 2440.0
    },
    "balanced accuracy": 0.7739583333333333
}