{
    "Balanced": {
        "precision": 0.5304757354446795,
        "recall": 0.9595061728395061,
        "f1-score": 0.6832227154850337,
        "support": 8100.0
    },
    "Unbalanced": {
        "precision": 0.9873207313773242,
        "recall": 0.7878161628624306,
        "f1-score": 0.8763574602412119,
        "support": 32420.0
    },
    "accuracy": 0.8221372161895361,
    "macro avg": {
        "precision": 0.7588982334110019,
        "recall": 0.8736611678509684,
        "f1-score": 0.7797900878631228,
        "support": 40520.0
    },
    "weighted avg": {
        "precision": 0.8959968304134934,
        "recall": 0.8221372161895361,
        "f1-score": 0.8377495769113736,
        "support": 40520.0
    },
    "balanced accuracy": 0.8736611678509684
}