{
    "Normal": {
        "precision": 0.7025641025641025,
        "recall": 0.7142857142857143,
        "f1-score": 0.7083764219234746,
        "support": 1918.0
    },
    "Outer Ring Fault": {
        "precision": 0.6534355324390911,
        "recall": 0.6263447913933351,
        "f1-score": 0.6396034297963559,
        "support": 3811.0
    },
    "Inner Ring Fault": {
        "precision": 0.5576387129465417,
        "recall": 0.6288571428571429,
        "f1-score": 0.5911105143010609,
        "support": 3500.0
    },
    "Outer And Inner Ring Fault": {
        "precision": 0.8003169572107766,
        "recall": 0.5304621848739496,
        "f1-score": 0.6380290587492103,
        "support": 952.0
    },
    "accuracy": 0.6348099400844711,
    "macro avg": {
        "precision": 0.678488826290128,
        "recall": 0.6249874583525354,
        "f1-score": 0.6442798561925254,
        "support": 10181.0
    },
    "weighted avg": {
        "precision": 0.6434925843650802,
        "recall": 0.6348099400844711,
        "f1-score": 0.6357415884673507,
        "support": 10181.0
    },
    "balanced accuracy": 0.6249874583525354
}