"fit_time","score_time","test_accuracy","test_f1_macro","test_balanced_accuracy"
"38.746235609054565","0.00585484504699707","1.0","1.0","1.0"
"21.494144439697266","0.005041837692260742","1.0","1.0","1.0"
"21.58573031425476","0.004880428314208984","1.0","1.0","1.0"
"21.587948322296143","0.0049288272857666016","1.0","1.0","1.0"
"21.63843870162964","0.00493168830871582","1.0","1.0","1.0"
"21.62887716293335","0.004975318908691406","1.0","1.0","1.0"
"21.599801540374756","0.004963874816894531","1.0","1.0","1.0"
