{
    "Balanced": {
        "precision": 0.9849942285494421,
        "recall": 0.9481481481481482,
        "f1-score": 0.9662200415172674,
        "support": 8100.0
    },
    "Unbalanced": {
        "precision": 0.9871649909849342,
        "recall": 0.9963911165946946,
        "f1-score": 0.9917565970250065,
        "support": 32420.0
    },
    "accuracy": 0.9867472852912142,
    "macro avg": {
        "precision": 0.9860796097671881,
        "recall": 0.9722696323714214,
        "f1-score": 0.9789883192711369,
        "support": 40520.0
    },
    "weighted avg": {
        "precision": 0.9867310527883032,
        "recall": 0.9867472852912142,
        "f1-score": 0.9866518068075167,
        "support": 40520.0
    },
    "balanced accuracy": 0.9722696323714214
}