{
    "Normal": {
        "precision": 0.5284958871915394,
        "recall": 0.6438797423049392,
        "f1-score": 0.5805098418844788,
        "support": 2794.0
    },
    "Degraded Outer Race": {
        "precision": 0.4643510054844607,
        "recall": 0.508,
        "f1-score": 0.48519579751671443,
        "support": 500.0
    },
    "Outer Race": {
        "precision": 0.0,
        "recall": 0.0,
        "f1-score": 0.0,
        "support": 68.0
    },
    "Degraded Inner Race": {
        "precision": 0.2786377708978328,
        "recall": 0.15,
        "f1-score": 0.19501625135427952,
        "support": 600.0
    },
    "Inner Race": {
        "precision": 0.07692307692307693,
        "recall": 0.008928571428571428,
        "f1-score": 0.016,
        "support": 112.0
    },
    "Degraded Roller Race": {
        "precision": 0.3804226918798665,
        "recall": 0.38,
        "f1-score": 0.3802112284602557,
        "support": 900.0
    },
    "Roller Race": {
        "precision": 0.24808184143222506,
        "recall": 0.15849673202614378,
        "f1-score": 0.193419740777667,
        "support": 612.0
    },
    "accuracy": 0.462406015037594,
    "macro avg": {
        "precision": 0.2824160391155716,
        "recall": 0.264186435108522,
        "f1-score": 0.26433612285619934,
        "support": 5586.0
    },
    "weighted avg": {
        "precision": 0.4258499048259715,
        "recall": 0.462406015037594,
        "f1-score": 0.43750575273296116,
        "support": 5586.0
    },
    "balanced accuracy": 0.264186435108522
}