{
    "Healthy": {
        "precision": 0.9680851063829787,
        "recall": 0.875,
        "f1-score": 0.9191919191919192,
        "support": 104.0
    },
    "Missing Tooth": {
        "precision": 0.8349514563106796,
        "recall": 0.8269230769230769,
        "f1-score": 0.8309178743961353,
        "support": 104.0
    },
    "Root Crack": {
        "precision": 0.9693877551020408,
        "recall": 0.9134615384615384,
        "f1-score": 0.9405940594059405,
        "support": 104.0
    },
    "Spalling": {
        "precision": 0.9809523809523809,
        "recall": 0.9903846153846154,
        "f1-score": 0.9856459330143541,
        "support": 104.0
    },
    "Chipping Tip": {
        "precision": 0.9328358208955224,
        "recall": 0.9615384615384616,
        "f1-score": 0.946969696969697,
        "support": 520.0
    },
    "accuracy": 0.9348290598290598,
    "macro avg": {
        "precision": 0.9372425039287204,
        "recall": 0.9134615384615385,
        "f1-score": 0.9246638965956093,
        "support": 936.0
    },
    "weighted avg": {
        "precision": 0.9352839781361879,
        "recall": 0.9348290598290598,
        "f1-score": 0.9345775856507593,
        "support": 936.0
    },
    "balanced accuracy": 0.9134615384615385
}