"fit_time","score_time","test_accuracy","test_f1_macro","test_balanced_accuracy"
"797.6054465770721","9.420548439025879","0.9918032786885246","0.99305421570519","0.9930555555555556"
"787.1732840538025","2.760878562927246","0.9950819672131147","0.9958330439613863","0.9958333333333333"
"788.3398780822754","2.8202297687530518","0.9950819672131147","0.9958330439613863","0.9958333333333333"
"791.0845470428467","2.852916955947876","0.9819672131147541","0.9846710663071615","0.9847222222222223"