{
    "Inner Race": {
        "precision": 0.7947368421052632,
        "recall": 0.7783505154639175,
        "f1-score": 0.7864583333333334,
        "support": 194.0
    },
    "Outer Race": {
        "precision": 0.7159090909090909,
        "recall": 0.6176470588235294,
        "f1-score": 0.6631578947368421,
        "support": 204.0
    },
    "Ball": {
        "precision": 0.6567796610169492,
        "recall": 0.7598039215686274,
        "f1-score": 0.7045454545454546,
        "support": 204.0
    },
    "accuracy": 0.717607973421927,
    "macro avg": {
        "precision": 0.7224751980104344,
        "recall": 0.7186004986186915,
        "f1-score": 0.71805389420521,
        "support": 602.0
    },
    "weighted avg": {
        "precision": 0.7212748384739754,
        "recall": 0.717607973421927,
        "f1-score": 0.7169176078409556,
        "support": 602.0
    },
    "balanced accuracy": 0.7186004986186915
}