{
    "Normal": {
        "precision": 0.22392486406327236,
        "recall": 0.3081632653061224,
        "f1-score": 0.25937589464643573,
        "support": 1470.0
    },
    "Horizontal Misalignment": {
        "precision": 0.23084940072954663,
        "recall": 0.2248730964467005,
        "f1-score": 0.22782206222679352,
        "support": 5910.0
    },
    "Vertical Misalignment": {
        "precision": 0.38342379014020805,
        "recall": 0.3755260243632337,
        "f1-score": 0.3794338144791317,
        "support": 9030.0
    },
    "Imbalance": {
        "precision": 0.34273275947363213,
        "recall": 0.34674674674674677,
        "f1-score": 0.3447280688659999,
        "support": 9990.0
    },
    "Underhang Cage": {
        "precision": 0.20837226686600635,
        "recall": 0.1976950354609929,
        "f1-score": 0.20289327631698661,
        "support": 5640.0
    },
    "Underhang Outer Cage": {
        "precision": 0.2460960664162878,
        "recall": 0.22554347826086957,
        "f1-score": 0.23537196332356555,
        "support": 5520.0
    },
    "Underhang Ball": {
        "precision": 0.5653091027097193,
        "recall": 0.6243727598566309,
        "f1-score": 0.5933747764625734,
        "support": 5580.0
    },
    "Overhang Cage": {
        "precision": 0.23421793325291515,
        "recall": 0.20656028368794327,
        "f1-score": 0.2195213868475598,
        "support": 5640.0
    },
    "Overhang Outer Race": {
        "precision": 0.26708398539384454,
        "recall": 0.2723404255319149,
        "f1-score": 0.26968659468001055,
        "support": 5640.0
    },
    "Overhang Ball": {
        "precision": 0.5016662963785825,
        "recall": 0.5493917274939173,
        "f1-score": 0.5244454767158286,
        "support": 4110.0
    },
    "accuracy": 0.33213736545361355,
    "macro avg": {
        "precision": 0.3203676465424016,
        "recall": 0.3331212843155072,
        "f1-score": 0.32566533145648857,
        "support": 58530.0
    },
    "weighted avg": {
        "precision": 0.32730211113511726,
        "recall": 0.33213736545361355,
        "f1-score": 0.32918226891100477,
        "support": 58530.0
    },
    "balanced accuracy": 0.3331212843155072
}