{
    "Normal": {
        "precision": 0.99644128113879,
        "recall": 1.0,
        "f1-score": 0.9982174688057041,
        "support": 280.0
    },
    "Inner Race": {
        "precision": 0.89280868385346,
        "recall": 0.9138888888888889,
        "f1-score": 0.9032258064516129,
        "support": 720.0
    },
    "Outer Race": {
        "precision": 0.8500687757909215,
        "recall": 0.8583333333333333,
        "f1-score": 0.8541810642709053,
        "support": 720.0
    },
    "Ball": {
        "precision": 0.9050359712230216,
        "recall": 0.8736111111111111,
        "f1-score": 0.8890459363957597,
        "support": 720.0
    },
    "accuracy": 0.8954918032786885,
    "macro avg": {
        "precision": 0.9110886780015484,
        "recall": 0.9114583333333333,
        "f1-score": 0.9111675689809955,
        "support": 2440.0
    },
    "weighted avg": {
        "precision": 0.8956972249767998,
        "recall": 0.8954918032786885,
        "f1-score": 0.8954700460617858,
        "support": 2440.0
    },
    "balanced accuracy": 0.9114583333333333
}