{
    "Inner Race": {
        "precision": 0.8787878787878788,
        "recall": 0.8969072164948454,
        "f1-score": 0.8877551020408163,
        "support": 194.0
    },
    "Outer Race": {
        "precision": 0.8656716417910447,
        "recall": 0.8529411764705882,
        "f1-score": 0.8592592592592593,
        "support": 204.0
    },
    "Ball": {
        "precision": 0.8669950738916257,
        "recall": 0.8627450980392157,
        "f1-score": 0.8648648648648649,
        "support": 204.0
    },
    "accuracy": 0.8704318936877077,
    "macro avg": {
        "precision": 0.8704848648235165,
        "recall": 0.8708644970015498,
        "f1-score": 0.8706264087216469,
        "support": 602.0
    },
    "weighted avg": {
        "precision": 0.8703469410035103,
        "recall": 0.8704318936877077,
        "f1-score": 0.8703418789322919,
        "support": 602.0
    },
    "balanced accuracy": 0.8708644970015498
}