"fit_time","score_time","test_accuracy","test_f1_macro","test_balanced_accuracy"
"0.000812530517578125","0.0045473575592041016","0.9285714285714286","0.9282051282051282","0.9285714285714286"
"0.0005605220794677734","0.004480838775634766","1.0","1.0","1.0"
"0.0005788803100585938","0.0043447017669677734","0.7857142857142857","0.7754010695187166","0.7857142857142857"
