{
    "Inner Race": {
        "precision": 0.84,
        "recall": 1.0,
        "f1-score": 0.9130434782608695,
        "support": 21.0
    },
    "Outer Race": {
        "precision": 1.0,
        "recall": 0.8095238095238095,
        "f1-score": 0.8947368421052632,
        "support": 21.0
    },
    "accuracy": 0.9047619047619048,
    "macro avg": {
        "precision": 0.9199999999999999,
        "recall": 0.9047619047619048,
        "f1-score": 0.9038901601830663,
        "support": 42.0
    },
    "weighted avg": {
        "precision": 0.92,
        "recall": 0.9047619047619048,
        "f1-score": 0.9038901601830663,
        "support": 42.0
    },
    "balanced accuracy": 0.9047619047619048
}