"fit_time","score_time","test_accuracy","test_f1_macro","test_balanced_accuracy"
"464.2678828239441","0.6687014102935791","1","1","1"
"463.52318596839905","0.6470353603363037","1","1","1"
"465.86362981796265","0.6509149074554443","1","1","1"
"462.44013500213623","0.6421172618865967","1","1","1"
"465.5204076766968","0.6318328380584717","0.5434782608695652","0.7290322580645161","0.8384615384615385"