"fit_time","score_time","test_accuracy","test_f1_macro","test_balanced_accuracy"
"2162.7538573741913","36.9938645362854","0.2530391715443494","0.2672366966461742","0.36414590986095036"
"2369.8736176490784","19.494683980941772","0.21550387596899226","0.21129276929227242","0.2769484560291182"
"2783.793840408325","9.880262851715088","0.23286713286713287","0.16790948211559278","0.2304761904761905"