"fit_time","score_time","test_accuracy","test_f1_macro","test_balanced_accuracy"
"102.16933274269104","0.19095063209533691","1","1","1"
"102.86086678504944","0.18250679969787598","1","1","1"
"103.15417861938477","0.16451787948608398","1","1","1"