{
    "Inner Race": {
        "precision": 0.9947916666666666,
        "recall": 0.9845360824742269,
        "f1-score": 0.9896373056994818,
        "support": 194.0
    },
    "Outer Race": {
        "precision": 0.9951219512195122,
        "recall": 1.0,
        "f1-score": 0.9975550122249389,
        "support": 204.0
    },
    "Ball": {
        "precision": 0.9902439024390244,
        "recall": 0.9950980392156863,
        "f1-score": 0.9926650366748166,
        "support": 204.0
    },
    "accuracy": 0.9933554817275747,
    "macro avg": {
        "precision": 0.993385840108401,
        "recall": 0.9932113738966377,
        "f1-score": 0.9932857848664125,
        "support": 602.0
    },
    "weighted avg": {
        "precision": 0.9933624875077653,
        "recall": 0.9933554817275747,
        "f1-score": 0.9933463908326406,
        "support": 602.0
    },
    "balanced accuracy": 0.9932113738966377
}