{
    "Normal": {
        "precision": 1.0,
        "recall": 1.0,
        "f1-score": 1.0,
        "support": 280.0
    },
    "Inner Race": {
        "precision": 0.9972260748959778,
        "recall": 0.9986111111111111,
        "f1-score": 0.9979181124219292,
        "support": 720.0
    },
    "Outer Race": {
        "precision": 0.9944444444444445,
        "recall": 0.9944444444444445,
        "f1-score": 0.9944444444444445,
        "support": 720.0
    },
    "Ball": {
        "precision": 0.9972183588317107,
        "recall": 0.9958333333333333,
        "f1-score": 0.9965253648366922,
        "support": 720.0
    },
    "accuracy": 0.9967213114754099,
    "macro avg": {
        "precision": 0.9972222195430333,
        "recall": 0.9972222222222222,
        "f1-score": 0.9972219804257664,
        "support": 2440.0
    },
    "weighted avg": {
        "precision": 0.9967213083130884,
        "recall": 0.9967213114754099,
        "f1-score": 0.9967210260763146,
        "support": 2440.0
    },
    "balanced accuracy": 0.9972222222222222
}