{
    "Balanced": {
        "precision": 0.9871216999356085,
        "recall": 0.9462962962962963,
        "f1-score": 0.9662779703750394,
        "support": 8100.0
    },
    "Unbalanced": {
        "precision": 0.9867195847962144,
        "recall": 0.9969154842689698,
        "f1-score": 0.9917913310318374,
        "support": 32420.0
    },
    "accuracy": 0.986796643632774,
    "macro avg": {
        "precision": 0.9869206423659114,
        "recall": 0.971605890282633,
        "f1-score": 0.9790346507034384,
        "support": 40520.0
    },
    "weighted avg": {
        "precision": 0.9867999681286204,
        "recall": 0.986796643632774,
        "f1-score": 0.9866911774948169,
        "support": 40520.0
    },
    "balanced accuracy": 0.971605890282633
}