{
    "Inner Race": {
        "precision": 0.7339901477832512,
        "recall": 0.7680412371134021,
        "f1-score": 0.7506297229219143,
        "support": 194.0
    },
    "Outer Race": {
        "precision": 0.7388888888888889,
        "recall": 0.6519607843137255,
        "f1-score": 0.6927083333333334,
        "support": 204.0
    },
    "Ball": {
        "precision": 0.6621004566210046,
        "recall": 0.7107843137254902,
        "f1-score": 0.6855791962174941,
        "support": 204.0
    },
    "accuracy": 0.7093023255813954,
    "macro avg": {
        "precision": 0.711659831097715,
        "recall": 0.7102621117175393,
        "f1-score": 0.7096390841575806,
        "support": 602.0
    },
    "weighted avg": {
        "precision": 0.7112888956045997,
        "recall": 0.7093023255813954,
        "f1-score": 0.7089581765369106,
        "support": 602.0
    },
    "balanced accuracy": 0.7102621117175393
}