"fit_time","score_time","test_accuracy","test_f1_macro","test_balanced_accuracy"
"33.060452938079834","0.0057523250579833984","1.0","1.0","1.0"
"21.96297264099121","0.0049571990966796875","1.0","1.0","1.0"
"21.956700325012207","0.005016803741455078","1.0","1.0","1.0"
"21.95666480064392","0.005692005157470703","0.5","0.3333333333333333","0.5"
"22.137183904647827","0.004960775375366211","1.0","1.0","1.0"
"22.17683434486389","0.005005359649658203","1.0","1.0","1.0"
"22.13119077682495","0.004804849624633789","1.0","1.0","1.0"
