{
    "Normal": {
        "precision": 0.9523809523809523,
        "recall": 1.0,
        "f1-score": 0.975609756097561,
        "support": 280.0
    },
    "Inner Race": {
        "precision": 0.73342175066313,
        "recall": 0.7680555555555556,
        "f1-score": 0.7503392130257802,
        "support": 720.0
    },
    "Outer Race": {
        "precision": 0.6815020862308763,
        "recall": 0.6805555555555556,
        "f1-score": 0.6810284920083391,
        "support": 720.0
    },
    "Ball": {
        "precision": 0.7384843982169391,
        "recall": 0.6902777777777778,
        "f1-score": 0.7135678391959799,
        "support": 720.0
    },
    "accuracy": 0.7459016393442623,
    "macro avg": {
        "precision": 0.7764472968729744,
        "recall": 0.7847222222222222,
        "f1-score": 0.7801363250819151,
        "support": 2440.0
    },
    "weighted avg": {
        "precision": 0.744721555715798,
        "recall": 0.7459016393442623,
        "f1-score": 0.7448870178495853,
        "support": 2440.0
    },
    "balanced accuracy": 0.7847222222222222
}