"fit_time","score_time","test_accuracy","test_f1_macro","test_balanced_accuracy"
"0.0008032321929931641","0.009042978286743164","0.8571428571428571","0.8541666666666667","0.8571428571428572"
"0.0006322860717773438","0.004767656326293945","0.9285714285714286","0.9282051282051282","0.9285714285714286"
"0.0006074905395507812","0.004534006118774414","1.0","1.0","1.0"
