{
    "Healthy": {
        "precision": 0.1542056074766355,
        "recall": 0.3173076923076923,
        "f1-score": 0.20754716981132076,
        "support": 104.0
    },
    "Missing Tooth": {
        "precision": 0.2893081761006289,
        "recall": 0.4423076923076923,
        "f1-score": 0.34980988593155893,
        "support": 104.0
    },
    "Root Crack": {
        "precision": 0.46153846153846156,
        "recall": 0.5769230769230769,
        "f1-score": 0.5128205128205128,
        "support": 104.0
    },
    "Spalling": {
        "precision": 1.0,
        "recall": 0.5192307692307693,
        "f1-score": 0.6835443037974683,
        "support": 104.0
    },
    "Chipping Tip": {
        "precision": 0.5910290237467019,
        "recall": 0.4307692307692308,
        "f1-score": 0.4983314794215795,
        "support": 520.0
    },
    "accuracy": 0.44551282051282054,
    "macro avg": {
        "precision": 0.4992162537724855,
        "recall": 0.45730769230769236,
        "f1-score": 0.45041067035648813,
        "support": 936.0
    },
    "weighted avg": {
        "precision": 0.5400219293165817,
        "recall": 0.44551282051282054,
        "f1-score": 0.47170880771875096,
        "support": 936.0
    },
    "balanced accuracy": 0.45730769230769236
}