{
    "Healthy": {
        "precision": 0.9494949494949495,
        "recall": 0.9038461538461539,
        "f1-score": 0.9261083743842364,
        "support": 104.0
    },
    "Missing Tooth": {
        "precision": 0.8585858585858586,
        "recall": 0.8173076923076923,
        "f1-score": 0.8374384236453202,
        "support": 104.0
    },
    "Root Crack": {
        "precision": 0.9591836734693877,
        "recall": 0.9038461538461539,
        "f1-score": 0.9306930693069307,
        "support": 104.0
    },
    "Spalling": {
        "precision": 0.9903846153846154,
        "recall": 0.9903846153846154,
        "f1-score": 0.9903846153846154,
        "support": 104.0
    },
    "Chipping Tip": {
        "precision": 0.9328358208955224,
        "recall": 0.9615384615384616,
        "f1-score": 0.946969696969697,
        "support": 520.0
    },
    "accuracy": 0.9358974358974359,
    "macro avg": {
        "precision": 0.9380969835660666,
        "recall": 0.9153846153846154,
        "f1-score": 0.92631883593816,
        "support": 936.0
    },
    "weighted avg": {
        "precision": 0.9357586890458248,
        "recall": 0.9358974358974359,
        "f1-score": 0.9354969963966209,
        "support": 936.0
    },
    "balanced accuracy": 0.9153846153846154
}