{
    "Healthy": {
        "precision": 0.2108843537414966,
        "recall": 0.2980769230769231,
        "f1-score": 0.24701195219123506,
        "support": 104.0
    },
    "Missing Tooth": {
        "precision": 0.28350515463917525,
        "recall": 0.5288461538461539,
        "f1-score": 0.3691275167785235,
        "support": 104.0
    },
    "Root Crack": {
        "precision": 0.40350877192982454,
        "recall": 0.6634615384615384,
        "f1-score": 0.5018181818181818,
        "support": 104.0
    },
    "Spalling": {
        "precision": 0.9879518072289156,
        "recall": 0.7884615384615384,
        "f1-score": 0.8770053475935828,
        "support": 104.0
    },
    "Chipping Tip": {
        "precision": 0.6070381231671554,
        "recall": 0.39807692307692305,
        "f1-score": 0.4808362369337979,
        "support": 520.0
    },
    "accuracy": 0.47435897435897434,
    "macro avg": {
        "precision": 0.4985776421413135,
        "recall": 0.5353846153846153,
        "f1-score": 0.49515984706306426,
        "support": 936.0
    },
    "weighted avg": {
        "precision": 0.5467823003750211,
        "recall": 0.47435897435897434,
        "f1-score": 0.48879379811672363,
        "support": 936.0
    },
    "balanced accuracy": 0.5353846153846153
}