{
    "Normal": {
        "precision": 0.9929078014184397,
        "recall": 1.0,
        "f1-score": 0.99644128113879,
        "support": 280.0
    },
    "Inner Race": {
        "precision": 0.8993197278911564,
        "recall": 0.9180555555555555,
        "f1-score": 0.9085910652920962,
        "support": 720.0
    },
    "Outer Race": {
        "precision": 0.8477088948787062,
        "recall": 0.8736111111111111,
        "f1-score": 0.8604651162790697,
        "support": 720.0
    },
    "Ball": {
        "precision": 0.9162995594713657,
        "recall": 0.8666666666666667,
        "f1-score": 0.8907922912205567,
        "support": 720.0
    },
    "accuracy": 0.8991803278688525,
    "macro avg": {
        "precision": 0.914058995914917,
        "recall": 0.9145833333333334,
        "f1-score": 0.9140724384826282,
        "support": 2440.0
    },
    "weighted avg": {
        "precision": 0.8998403588569047,
        "recall": 0.8991803278688525,
        "f1-score": 0.8992190406265991,
        "support": 2440.0
    },
    "balanced accuracy": 0.9145833333333334
}