"fit_time","score_time","test_accuracy","test_f1_macro","test_balanced_accuracy"
"0.0007593631744384766","0.004313945770263672","0.8333333333333334","0.8285714285714285","0.8333333333333333"
"0.0005648136138916016","0.004012346267700195","1.0","1.0","1.0"
"0.0005595684051513672","0.0038361549377441406","1.0","1.0","1.0"
"0.0005586147308349609","0.004159450531005859","0.8333333333333334","0.8285714285714285","0.8333333333333333"
"0.0006144046783447266","0.0038378238677978516","1.0","1.0","1.0"
"0.0005567073822021484","0.003949165344238281","1.0","1.0","1.0"
"0.0005581378936767578","0.0038652420043945312","0.8333333333333334","0.8285714285714285","0.8333333333333333"
