"fit_time","score_time","test_accuracy","test_f1_macro","test_balanced_accuracy"
"16.32891082763672","0.011085987091064453","1.0","1.0","1.0"
"20.75751781463623","0.0053746700286865234","1.0","1.0","1.0"
"14.444853782653809","0.0049648284912109375","1.0","1.0","1.0"
