{
    "Balanced": {
        "precision": 0.5304359209320592,
        "recall": 0.5002469135802469,
        "f1-score": 0.5148992947455365,
        "support": 8100.0
    },
    "Unbalanced": {
        "precision": 0.87688938900885,
        "recall": 0.8893584207279457,
        "f1-score": 0.8830798915789957,
        "support": 32420.0
    },
    "accuracy": 0.8115745310957552,
    "macro avg": {
        "precision": 0.7036626549704545,
        "recall": 0.6948026671540963,
        "f1-score": 0.698989593162266,
        "support": 40520.0
    },
    "weighted avg": {
        "precision": 0.8076328961307156,
        "recall": 0.8115745310957552,
        "f1-score": 0.8094801177796122,
        "support": 40520.0
    },
    "balanced accuracy": 0.6948026671540963
}