{
    "Normal": {
        "precision": 0.30428571428571427,
        "recall": 0.2897959183673469,
        "f1-score": 0.29686411149825787,
        "support": 1470.0
    },
    "Horizontal Misalignment": {
        "precision": 0.416127339513731,
        "recall": 0.4025380710659898,
        "f1-score": 0.409219919153694,
        "support": 5910.0
    },
    "Vertical Misalignment": {
        "precision": 0.49746020995597695,
        "recall": 0.48803986710963454,
        "f1-score": 0.49270501425456986,
        "support": 9030.0
    },
    "Imbalance": {
        "precision": 0.5206537890044577,
        "recall": 0.5261261261261261,
        "f1-score": 0.5233756534727408,
        "support": 9990.0
    },
    "Underhang Cage": {
        "precision": 0.42362204724409447,
        "recall": 0.42925531914893617,
        "f1-score": 0.4264200792602378,
        "support": 5640.0
    },
    "Underhang Outer Cage": {
        "precision": 0.4889578390217193,
        "recall": 0.48532608695652174,
        "f1-score": 0.4871351941085553,
        "support": 5520.0
    },
    "Underhang Ball": {
        "precision": 0.7203404550981414,
        "recall": 0.7431899641577061,
        "f1-score": 0.7315868395519097,
        "support": 5580.0
    },
    "Overhang Cage": {
        "precision": 0.466927453769559,
        "recall": 0.4656028368794326,
        "f1-score": 0.46626420454545453,
        "support": 5640.0
    },
    "Overhang Outer Race": {
        "precision": 0.4499153976311337,
        "recall": 0.47145390070921983,
        "f1-score": 0.4604329004329004,
        "support": 5640.0
    },
    "Overhang Ball": {
        "precision": 0.6814292903875189,
        "recall": 0.6588807785888078,
        "f1-score": 0.6699653636813458,
        "support": 4110.0
    },
    "accuracy": 0.5075687681530839,
    "macro avg": {
        "precision": 0.49697195359120466,
        "recall": 0.49602088691097207,
        "f1-score": 0.4963969279959666,
        "support": 58530.0
    },
    "weighted avg": {
        "precision": 0.5070810361742693,
        "recall": 0.5075687681530839,
        "f1-score": 0.507242583684044,
        "support": 58530.0
    },
    "balanced accuracy": 0.49602088691097207
}