{
    "Healthy": {
        "precision": 0.8148148148148148,
        "recall": 0.8461538461538461,
        "f1-score": 0.8301886792452831,
        "support": 104.0
    },
    "Missing Tooth": {
        "precision": 0.8,
        "recall": 0.7692307692307693,
        "f1-score": 0.7843137254901961,
        "support": 104.0
    },
    "Root Crack": {
        "precision": 0.9468085106382979,
        "recall": 0.8557692307692307,
        "f1-score": 0.898989898989899,
        "support": 104.0
    },
    "Spalling": {
        "precision": 1.0,
        "recall": 0.9903846153846154,
        "f1-score": 0.9951690821256038,
        "support": 104.0
    },
    "Chipping Tip": {
        "precision": 0.9096045197740112,
        "recall": 0.9288461538461539,
        "f1-score": 0.9191246431969553,
        "support": 520.0
    },
    "accuracy": 0.9006410256410257,
    "macro avg": {
        "precision": 0.8942455690454247,
        "recall": 0.8780769230769231,
        "f1-score": 0.8855572058095875,
        "support": 936.0
    },
    "weighted avg": {
        "precision": 0.901071769369241,
        "recall": 0.9006410256410257,
        "f1-score": 0.9004760668706397,
        "support": 936.0
    },
    "balanced accuracy": 0.8780769230769231
}