{
    "Balanced": {
        "precision": 0.3826803004253009,
        "recall": 0.5220987654320988,
        "f1-score": 0.44164795572032794,
        "support": 8100.0
    },
    "Unbalanced": {
        "precision": 0.8686416234008619,
        "recall": 0.7895743368291178,
        "f1-score": 0.827222931377143,
        "support": 32420.0
    },
    "accuracy": 0.7361056268509378,
    "macro avg": {
        "precision": 0.6256609619130814,
        "recall": 0.6558365511306083,
        "f1-score": 0.6344354435487355,
        "support": 40520.0
    },
    "weighted avg": {
        "precision": 0.7714973312956781,
        "recall": 0.7361056268509378,
        "f1-score": 0.7501459989284707,
        "support": 40520.0
    },
    "balanced accuracy": 0.6558365511306083
}