{
    "Balanced": {
        "precision": 0.5235053653551354,
        "recall": 0.5059259259259259,
        "f1-score": 0.5145655449522852,
        "support": 8100.0
    },
    "Unbalanced": {
        "precision": 0.8775847302092254,
        "recall": 0.8849475632325725,
        "f1-score": 0.8812507679076054,
        "support": 32420.0
    },
    "accuracy": 0.8091806515301085,
    "macro avg": {
        "precision": 0.7005450477821804,
        "recall": 0.6954367445792492,
        "f1-score": 0.6979081564299453,
        "support": 40520.0
    },
    "weighted avg": {
        "precision": 0.8068038107788668,
        "recall": 0.8091806515301085,
        "f1-score": 0.8079499212655005,
        "support": 40520.0
    },
    "balanced accuracy": 0.6954367445792492
}