{
    "Normal": {
        "precision": 0.9042224510813595,
        "recall": 0.9155370177267987,
        "f1-score": 0.9098445595854923,
        "support": 1918.0
    },
    "Outer Ring Fault": {
        "precision": 0.910932225396001,
        "recall": 0.9204933088428234,
        "f1-score": 0.9156878099712868,
        "support": 3811.0
    },
    "Inner Ring Fault": {
        "precision": 0.857976086322543,
        "recall": 0.8405714285714285,
        "f1-score": 0.8491845865204214,
        "support": 3500.0
    },
    "Outer And Inner Ring Fault": {
        "precision": 0.8790406673618353,
        "recall": 0.8855042016806722,
        "f1-score": 0.8822605965463108,
        "support": 952.0
    },
    "accuracy": 0.8888124938611138,
    "macro avg": {
        "precision": 0.8880428575404348,
        "recall": 0.8905264892054308,
        "f1-score": 0.8892443881558778,
        "support": 10181.0
    },
    "weighted avg": {
        "precision": 0.8884809340551592,
        "recall": 0.8888124938611138,
        "f1-score": 0.8885989833826845,
        "support": 10181.0
    },
    "balanced accuracy": 0.8905264892054308
}